{"mae":34.0986404963,"rmse":44.6603598017,"r2":0.5795961126}