{"mae":10.8680786196,"rmse":15.3883786471,"r2":0.9500876502}